Player,Nation,Pos,Age,MP,Playing Time_Starts,Playing Time_Min,Playing Time_90s,Performance_Gls,Performance_Ast,Performance_G+A,Performance_G-PK,Performance_PK,Performance_PKatt,Performance_CrdY,Performance_CrdR,Per 90 Minutes_Gls,Per 90 Minutes_Ast,Per 90 Minutes_G+A,Per 90 Minutes_G-PK,Per 90 Minutes_G+A-PK,Matches
Gerard Piqué,es ESP,DF,31.0,35,35,3150.0,35.0,4.0,2.0,6.0,4.0,0.0,0.0,6.0,0.0,0.11,0.06,0.17,0.11,0.17,Matches
Marc-André ter Stegen,de GER,GK,26.0,35,35,3150.0,35.0,0.0,0.0,0.0,0.0,0.0,0.0,0.0,0.0,0.0,0.0,0.0,0.0,0.0,Matches
Jordi Alba,es ESP,DF,29.0,36,32,2991.0,33.2,2.0,8.0,10.0,2.0,0.0,0.0,6.0,0.0,0.06,0.24,0.3,0.06,0.3,Matches
Luis Suárez,uy URU,FW,31.0,33,31,2827.0,31.4,21.0,6.0,27.0,17.0,4.0,4.0,5.0,0.0,0.67,0.19,0.86,0.54,0.73,Matches
Sergio Busquets,es ESP,MF,30.0,35,30,2715.0,30.2,0.0,1.0,1.0,0.0,0.0,0.0,10.0,0.0,0.0,0.03,0.03,0.0,0.03,Matches
Lionel Messi,ar ARG,FW,31.0,34,29,2713.0,30.1,36.0,13.0,49.0,32.0,4.0,5.0,3.0,0.0,1.19,0.43,1.63,1.06,1.49,Matches
Ivan Rakitić,hr CRO,MF,30.0,34,29,2643.0,29.4,3.0,5.0,8.0,3.0,0.0,0.0,7.0,1.0,0.1,0.17,0.27,0.1,0.27,Matches
Sergi Roberto,es ESP,"DF,MF",26.0,29,23,2088.0,23.2,0.0,7.0,7.0,0.0,0.0,0.0,3.0,0.0,0.0,0.3,0.3,0.0,0.3,Matches
Philippe Coutinho,br BRA,"FW,MF",26.0,34,22,2018.0,22.4,5.0,2.0,7.0,5.0,0.0,0.0,2.0,0.0,0.22,0.09,0.31,0.22,0.31,Matches
Clément Lenglet,fr FRA,DF,23.0,23,22,1933.0,21.5,1.0,0.0,1.0,1.0,0.0,0.0,8.0,1.0,0.05,0.0,0.05,0.05,0.05,Matches
Arturo Vidal,cl CHI,MF,31.0,33,22,1929.0,21.4,3.0,7.0,10.0,3.0,0.0,0.0,7.0,0.0,0.14,0.33,0.47,0.14,0.47,Matches
Ousmane Dembélé,fr FRA,"FW,MF",21.0,29,20,1661.0,18.5,8.0,5.0,13.0,8.0,0.0,0.0,1.0,0.0,0.43,0.27,0.7,0.43,0.7,Matches
Nélson Semedo,pt POR,DF,24.0,26,20,1600.0,17.8,1.0,0.0,1.0,1.0,0.0,0.0,4.0,0.0,0.06,0.0,0.06,0.06,0.06,Matches
Arthur Melo,br BRA,MF,21.0,27,19,1430.0,15.9,0.0,1.0,1.0,0.0,0.0,0.0,2.0,0.0,0.0,0.06,0.06,0.0,0.06,Matches
Samuel Umtiti,fr FRA,DF,24.0,14,13,1189.0,13.2,0.0,1.0,1.0,0.0,0.0,0.0,4.0,0.0,0.0,0.08,0.08,0.0,0.08,Matches
Thomas Vermaelen,be BEL,DF,32.0,9,7,587.0,6.5,0.0,0.0,0.0,0.0,0.0,0.0,2.0,0.0,0.0,0.0,0.0,0.0,0.0,Matches
Carles Aleñá,es ESP,MF,20.0,17,6,637.0,7.1,2.0,0.0,2.0,2.0,0.0,0.0,2.0,0.0,0.28,0.0,0.28,0.28,0.28,Matches
Malcom,br BRA,"FW,MF",21.0,15,6,614.0,6.8,1.0,2.0,3.0,1.0,0.0,0.0,0.0,0.0,0.15,0.29,0.44,0.15,0.44,Matches
Jasper Cillessen,nl NED,GK,29.0,3,3,270.0,3.0,0.0,0.0,0.0,0.0,0.0,0.0,0.0,0.0,0.0,0.0,0.0,0.0,0.0,Matches
Kevin-Prince Boateng,gh GHA,FW,31.0,3,3,239.0,2.7,0.0,0.0,0.0,0.0,0.0,0.0,1.0,0.0,0.0,0.0,0.0,0.0,0.0,Matches
Rafinha,br BRA,"FW,MF",25.0,5,3,223.0,2.5,0.0,0.0,0.0,0.0,0.0,0.0,1.0,0.0,0.0,0.0,0.0,0.0,0.0,Matches
Moussa Wagué,sn SEN,"MF,DF",19.0,3,2,225.0,2.5,0.0,0.0,0.0,0.0,0.0,0.0,1.0,0.0,0.0,0.0,0.0,0.0,0.0,Matches
Jean-Clair Todibo,fr FRA,DF,18.0,2,2,157.0,1.7,0.0,0.0,0.0,0.0,0.0,0.0,2.0,0.0,0.0,0.0,0.0,0.0,0.0,Matches
Riqui Puig,es ESP,MF,18.0,2,2,156.0,1.7,0.0,0.0,0.0,0.0,0.0,0.0,0.0,0.0,0.0,0.0,0.0,0.0,0.0,Matches
Munir El Haddadi,ma MAR,FW,22.0,7,1,152.0,1.7,1.0,1.0,2.0,1.0,0.0,0.0,0.0,0.0,0.59,0.59,1.18,0.59,1.18,Matches
Jeison Murillo,co COL,DF,26.0,2,1,113.0,1.3,0.0,0.0,0.0,0.0,0.0,0.0,0.0,0.0,0.0,0.0,0.0,0.0,0.0,Matches
Álex Collado,es ESP,MF,19.0,1,0,85.0,0.9,0.0,0.0,0.0,0.0,0.0,0.0,0.0,0.0,0.0,0.0,0.0,0.0,0.0,Matches
Abel Ruiz,es ESP,FW,18.0,1,0,22.0,0.2,0.0,0.0,0.0,0.0,0.0,0.0,0.0,0.0,0.0,0.0,0.0,0.0,0.0,Matches
Denis Suárez,es ESP,MF,24.0,2,0,19.0,0.2,0.0,0.0,0.0,0.0,0.0,0.0,0.0,0.0,0.0,0.0,0.0,0.0,0.0,Matches
Carles Pérez,es ESP,"FW,MF",20.0,1,0,18.0,0.2,0.0,0.0,0.0,0.0,0.0,0.0,0.0,0.0,0.0,0.0,0.0,0.0,0.0,Matches
Chumi,es ESP,DF,19.0,0,0,,,,,,,,,,,,,,,,Matches
Jokin Ezkieta,es ESP,GK,21.0,0,0,,,,,,,,,,,,,,,,Matches
Juan Miranda,es ESP,DF,18.0,0,0,,,,,,,,,,,,,,,,Matches
Iñaki Peña,es ESP,GK,19.0,0,0,,,,,,,,,,,,,,,,Matches
Squad Total,,,27.7,38,418,3420.0,38.0,88.0,61.0,149.0,80.0,8.0,9.0,77.0,2.0,2.32,1.61,3.92,2.11,3.71,
Opponent Total,,,26.8,38,418,3420.0,38.0,35.0,25.0,60.0,33.0,2.0,2.0,102.0,5.0,0.92,0.66,1.58,0.87,1.53,
